{
  "addCursorAbove": "",
  "addCursorAboveSkipCurrent": "",
  "addCursorBelow": "",
  "addCursorBelowSkipCurrent": "",
  "addLineAfter": "",
  "addLineBefore": "",
  "alignCursors": "",
  "autoindent": "",
  "backspace": "",
  "blockindent": "",
  "blockoutdent": "",
  "centerselection": "",
  "closeAllTabs": "",
  "closeCurrentTab": "",
  "copy": "",
  "copylinesdown": "d",
  "copylinesup": "",
  "cut": "",
  "cut_or_delete": "",
  "del": "",
  "duplicateSelection": "D",
  "editKeybindingFile": "$",
  "expandSnippet": "",
  "expandToMatching": "",
  "expandtoline": "",
  "find": "",
  "findAll": "",
  "findFile": "",
  "findnext": "",
  "findprevious": "",
  "fold": "",
  "foldAllComments": "",
  "foldOther": "",
  "foldToLevel1": "",
  "foldToLevel2": "",
  "foldToLevel3": "",
  "foldToLevel4": "",
  "foldToLevel5": "",
  "foldToLevel6": "",
  "foldToLevel7": "",
  "foldToLevel8": "",
  "foldall": "",
  "goToNextError": "",
  "goToPreviousError": "",
  "golinedown": "",
  "golineup": "",
  "gotoend": "#",
  "gotoleft": "",
  "gotoline": "",
  "gotolineend": "",
  "gotolinestart": "",
  "gotopagedown": "",
  "gotopageup": "",
  "gotoright": "",
  "gotostart": "",
  "gotowordleft": "",
  "gotowordright": "",
  "indent": "",
  "insertstring": "",
  "inserttext": "",
  "invertSelection": "",
  "joinlines": "J",
  "jumptomatching": "g",
  "modeSelect": "",
  "modifyNumberDown": "",
  "modifyNumberUp": "",
  "movelinesdown": "j",
  "movelinesup": "i",
  "newFile": "N",
  "nextFile": "",
  "openCommandPallete": ".",
  "openFile": "",
  "openFolder": "",
  "openlink": "",
  "outdent": "",
  "overwrite": "",
  "pagedown": "",
  "pageup": "",
  "passKeysToBrowser": "",
  "paste": "v",
  "prevFile": "",
  "redo": "",
  "removeline": "r",
  "removetolineend": "",
  "removetolineendhard": "",
  "removetolinestart": "",
  "removetolinestarthard": "",
  "removewordleft": "",
  "removewordright": "",
  "renameFile": "",
  "replace": "",
  "replaymacro": "R",
  "run": "",
  "saveFile": "",
  "saveFileAs": "",
  "scrolldown": "",
  "scrollup": "",
  "selectMoreAfter": "]",
  "selectMoreBefore": "[",
  "selectNextAfter": "",
  "selectNextBefore": "",
  "selectOrFindNext": "",
  "selectOrFindPrevious": "",
  "selectall": "A",
  "selectdown": "",
  "selectleft": "",
  "selectlineend": "",
  "selectlinestart": "",
  "selectpagedown": "",
  "selectpageup": "",
  "selectright": "",
  "selecttoend": "",
  "selecttolineend": "",
  "selecttolinestart": "",
  "selecttomatching": "M",
  "selecttostart": "",
  "selectup": "",
  "selectwordleft": "",
  "selectwordright": "",
  "settings:toggleQuickTools": "",
  "showSettingsMenu": "",
  "sortlines": "",
  "splitSelectionIntoLines": "",
  "splitline": "",
  "startAutocomplete": "",
  "toggleBlockComment": "*",
  "toggleEditMenu": "",
  "toggleFoldWidget": "",
  "toggleFullscreen": "",
  "toggleMenu": "",
  "toggleParentFoldWidget": "",
  "toggleSidebar": "",
  "toggleSplitSelectionIntoLines": "",
  "togglecomment": "/",
  "togglerecording": "",
  "tolowercase": "L",
  "touppercase": "U",
  "transposeletters": "",
  "updatekeybindingFile": "@",
  "undo": "",
  "unfold": "",
  "unfoldall": "",
  "Ayu mirage": "",
  "fontWeightIncrease": "",
  "copyWithoutSelection": "c",
  "cutWithoutSelection": "x",
  "One Dark Pro": "",
  "Github Dark": "",
  "setSnippetsDirectory": "",
  "resetSnippetsDirectory": "",
  "Format": "F",
  "pxtorem": "",
  "pxtoremPlaceholder": "",
  "removelineContent": "R",
  "removeInsideMatchingBrace": "m",
  "showBookmark": "b",
  "bookmark:1": "1",
  "bookmark:2": "2",
  "bookmark:3": "3",
  "bookmark:4": "4",
  "bookmark:5": "5",
  "bookmark:6": "6",
  "bookmark:7": "7",
  "bookmark:8": "8",
  "bookmark:9": "9",
  "bookmark:10": "0",
  "toggleCommandButton": "",
  "toggleShiftButton": "",
  "copyInsideMatchingBrace": "C",
  "JSBeautify": "f",
  "amoledEditorContainer": "",
  "cssBeautify": "",
  "htmlBeautify": "",
  "svgToBase64": "",
  "base64ToSvg": "",
  "emmetHtml": "h",
  "emmetCss": "e",
  "emmetJsx": ""
}